<?xml version="1.0" encoding="UTF-8" ?>
<!DOCTYPE mapper PUBLIC "-//mybatis.org//DTD Mapper 3.0//EN" "http://mybatis.org/dtd/mybatis-3-mapper.dtd" >
<mapper namespace="cn.sm1234.ssm.mapper.TOrderMapper" >
  <resultMap id="BaseResultMap" type="cn.sm1234.ssm.po.TOrder" >
    <id column="id" property="id" jdbcType="INTEGER" />
    <result column="orderno" property="orderno" jdbcType="VARCHAR" />
    <result column="productname" property="productname" jdbcType="VARCHAR" />
    <result column="user_id" property="userId" jdbcType="INTEGER" />
  </resultMap>
  <sql id="Example_Where_Clause" >
    <where >
      <foreach collection="oredCriteria" item="criteria" separator="or" >
        <if test="criteria.valid" >
          <trim prefix="(" suffix=")" prefixOverrides="and" >
            <foreach collection="criteria.criteria" item="criterion" >
              <choose >
                <when test="criterion.noValue" >
                  and ${criterion.condition}
                </when>
                <when test="criterion.singleValue" >
                  and ${criterion.condition} #{criterion.value}
                </when>
                <when test="criterion.betweenValue" >
                  and ${criterion.condition} #{criterion.value} and #{criterion.secondValue}
                </when>
                <when test="criterion.listValue" >
                  and ${criterion.condition}
                  <foreach collection="criterion.value" item="listItem" open="(" close=")" separator="," >
                    #{listItem}
                  </foreach>
                </when>
              </choose>
            </foreach>
          </trim>
        </if>
      </foreach>
    </where>
  </sql>
  <sql id="Update_By_Example_Where_Clause" >
    <where >
      <foreach collection="example.oredCriteria" item="criteria" separator="or" >
        <if test="criteria.valid" >
          <trim prefix="(" suffix=")" prefixOverrides="and" >
            <foreach collection="criteria.criteria" item="criterion" >
              <choose >
                <when test="criterion.noValue" >
                  and ${criterion.condition}
                </when>
                <when test="criterion.singleValue" >
                  and ${criterion.condition} #{criterion.value}
                </when>
                <when test="criterion.betweenValue" >
                  and ${criterion.condition} #{criterion.value} and #{criterion.secondValue}
                </when>
                <when test="criterion.listValue" >
                  and ${criterion.condition}
                  <foreach collection="criterion.value" item="listItem" open="(" close=")" separator="," >
                    #{listItem}
                  </foreach>
                </when>
              </choose>
            </foreach>
          </trim>
        </if>
      </foreach>
    </where>
  </sql>
  <sql id="Base_Column_List" >
    id, orderno, productname, user_id
  </sql>
  <select id="selectByExample" resultMap="BaseResultMap" parameterType="cn.sm1234.ssm.po.TOrderExample" >
    select
    <if test="distinct" >
      distinct
    </if>
    <include refid="Base_Column_List" />
    from t_order
    <if test="_parameter != null" >
      <include refid="Example_Where_Clause" />
    </if>
    <if test="orderByClause != null" >
      order by ${orderByClause}
    </if>
  </select>
  <select id="selectByPrimaryKey" resultMap="BaseResultMap" parameterType="java.lang.Integer" >
    select 
    <include refid="Base_Column_List" />
    from t_order
    where id = #{id,jdbcType=INTEGER}
  </select>
  <delete id="deleteByPrimaryKey" parameterType="java.lang.Integer" >
    delete from t_order
    where id = #{id,jdbcType=INTEGER}
  </delete>
  <delete id="deleteByExample" parameterType="cn.sm1234.ssm.po.TOrderExample" >
    delete from t_order
    <if test="_parameter != null" >
      <include refid="Example_Where_Clause" />
    </if>
  </delete>
  <insert id="insert" parameterType="cn.sm1234.ssm.po.TOrder" >
    insert into t_order (id, orderno, productname, 
      user_id)
    values (#{id,jdbcType=INTEGER}, #{orderno,jdbcType=VARCHAR}, #{productname,jdbcType=VARCHAR}, 
      #{userId,jdbcType=INTEGER})
  </insert>
  <insert id="insertSelective" parameterType="cn.sm1234.ssm.po.TOrder" >
    insert into t_order
    <trim prefix="(" suffix=")" suffixOverrides="," >
      <if test="id != null" >
        id,
      </if>
      <if test="orderno != null" >
        orderno,
      </if>
      <if test="productname != null" >
        productname,
      </if>
      <if test="userId != null" >
        user_id,
      </if>
    </trim>
    <trim prefix="values (" suffix=")" suffixOverrides="," >
      <if test="id != null" >
        #{id,jdbcType=INTEGER},
      </if>
      <if test="orderno != null" >
        #{orderno,jdbcType=VARCHAR},
      </if>
      <if test="productname != null" >
        #{productname,jdbcType=VARCHAR},
      </if>
      <if test="userId != null" >
        #{userId,jdbcType=INTEGER},
      </if>
    </trim>
  </insert>
  <select id="countByExample" parameterType="cn.sm1234.ssm.po.TOrderExample" resultType="java.lang.Integer" >
    select count(*) from t_order
    <if test="_parameter != null" >
      <include refid="Example_Where_Clause" />
    </if>
  </select>
  <update id="updateByExampleSelective" parameterType="map" >
    update t_order
    <set >
      <if test="record.id != null" >
        id = #{record.id,jdbcType=INTEGER},
      </if>
      <if test="record.orderno != null" >
        orderno = #{record.orderno,jdbcType=VARCHAR},
      </if>
      <if test="record.productname != null" >
        productname = #{record.productname,jdbcType=VARCHAR},
      </if>
      <if test="record.userId != null" >
        user_id = #{record.userId,jdbcType=INTEGER},
      </if>
    </set>
    <if test="_parameter != null" >
      <include refid="Update_By_Example_Where_Clause" />
    </if>
  </update>
  <update id="updateByExample" parameterType="map" >
    update t_order
    set id = #{record.id,jdbcType=INTEGER},
      orderno = #{record.orderno,jdbcType=VARCHAR},
      productname = #{record.productname,jdbcType=VARCHAR},
      user_id = #{record.userId,jdbcType=INTEGER}
    <if test="_parameter != null" >
      <include refid="Update_By_Example_Where_Clause" />
    </if>
  </update>
  <update id="updateByPrimaryKeySelective" parameterType="cn.sm1234.ssm.po.TOrder" >
    update t_order
    <set >
      <if test="orderno != null" >
        orderno = #{orderno,jdbcType=VARCHAR},
      </if>
      <if test="productname != null" >
        productname = #{productname,jdbcType=VARCHAR},
      </if>
      <if test="userId != null" >
        user_id = #{userId,jdbcType=INTEGER},
      </if>
    </set>
    where id = #{id,jdbcType=INTEGER}
  </update>
  <update id="updateByPrimaryKey" parameterType="cn.sm1234.ssm.po.TOrder" >
    update t_order
    set orderno = #{orderno,jdbcType=VARCHAR},
      productname = #{productname,jdbcType=VARCHAR},
      user_id = #{userId,jdbcType=INTEGER}
    where id = #{id,jdbcType=INTEGER}
  </update>
</mapper>